MES,SEM,FECHA,BEB_REF,CAR_PAQ,CAR_PKL,COMP_ENV,COMP_PAQ,LACT_Q,TOR_TOR,VENTA,COSTO,UTIL,DESC,MES_CFD,SEM_CFD,F_CFD,C_CFD
1,1,01/01/2020,0.0,0.0,0.0,0.0,0.0,0.0,0.0,0.0,0.0,0.0,0.0,1,1,01/01/2020,0
1,1,02/01/2020,8.0,16.0,19.6057,17.0,2.0,1.0,8.0,9635.6447,4877.05606,4768.58864,0.0,1,1,02/01/2020,0
1,1,03/01/2020,5.0,9.0,7.55,7.5,,,5.0,4361.45,2221.776,2139.674,0.0,1,1,03/01/2020,0
1,1,04/01/2020,12.0,8.0,35.99762,31.0,,1.0,20.0,11180.231179999999,5302.9364,5877.294779999999,0.0,1,1,04/01/2020,0
1,1,05/01/2020,16.0,17.0,53.04634,49.0,,3.0,44.0,19168.844259999998,9682.98165,9485.86261,28.595,1,1,05/01/2020,0
1,2,06/01/2020,4.0,6.0,9.255,28.5,,,14.0,5184.395,2711.237275,2473.157725,0.0,1,2,06/01/2020,0
1,2,07/01/2020,3.0,1.0,10.25409,10.0,,1.0,4.0,2776.8863100000003,1379.1475580000001,1397.738752,0.0,1,2,07/01/2020,0
1,2,08/01/2020,2.0,8.0,19.00682,15.0,,,9.0,7805.55998,3714.7289,4090.83108,3.87,1,2,08/01/2020,0
1,2,09/01/2020,6.0,10.0,12.99341,17.5,4.0,,9.0,6082.47499,3036.443375,3068.031615,0.0,1,2,09/01/2020,0
1,2,10/01/2020,4.0,2.0,14.622010000000001,15.0,2.0,,8.0,4425.48949,2179.43964,2257.84985,0.0,1,2,10/01/2020,0
1,2,11/01/2020,22.0,15.0,47.83105,58.0,2.0,1.0,26.0,17128.73965,8493.821856,8644.917793999999,0.0,1,2,11/01/2020,0
1,2,12/01/2020,16.0,11.0,63.877280000000006,75.5,2.0,,49.0,20714.79902,10207.480590000001,10517.31843,5.7,1,2,12/01/2020,0
1,3,13/01/2020,1.0,2.0,7.988410000000001,8.5,,,6.0,2400.9299899999996,1118.6334,1282.29659,0.0,1,3,13/01/2020,0
1,3,14/01/2020,5.0,5.0,14.6,20.0,2.0,,6.0,4677.1,2367.449,2319.651,1.3,1,3,14/01/2020,0
1,3,15/01/2020,9.0,7.0,49.78875,30.5,,,22.0,13726.37865,6724.601309999999,7001.777340000001,0.0,1,3,15/01/2020,0
1,3,16/01/2020,1.0,1.0,11.5314,6.0,5.0,,4.0,2653.9213,1343.771525,1334.149775,5.2,1,3,16/01/2020,0
1,3,17/01/2020,10.0,1.0,13.45,14.0,,1.0,5.0,4228.05,2130.42175,2097.62825,0.0,1,3,17/01/2020,0
1,3,18/01/2020,5.0,4.0,27.24012,33.5,,,18.0,8574.02548,4399.922320000001,4174.103160000001,0.0,1,3,18/01/2020,0
1,3,19/01/2020,16.0,15.0,51.72939,55.5,,1.0,43.0,18813.80871,9589.61445,9224.19426,44.7655,1,3,19/01/2020,0
1,4,20/01/2020,2.0,2.0,2.16279,10.0,,,3.0,1485.99991,872.15444,613.84547,0.0,1,4,20/01/2020,0
1,4,21/01/2020,4.0,3.0,7.346019999999999,20.0,,,10.0,3342.69878,1802.9834,1539.71538,0.0,1,4,21/01/2020,0
1,4,22/01/2020,3.0,4.0,29.5,21.5,,,12.0,7848.3,3974.2355,3874.0645,3.2,1,4,22/01/2020,0
1,4,23/01/2020,5.0,4.0,11.12,20.5,,,7.0,3997.03,2046.3655,1950.6645,0.0,1,4,23/01/2020,0
1,4,24/01/2020,7.0,15.0,10.504610000000001,11.0,2.0,,7.0,8010.8948900000005,4153.11684,3867.77805,0.0,1,4,24/01/2020,0
1,4,25/01/2020,12.0,5.0,47.86851,51.5,,,20.0,13967.03109,6733.134794,7234.896295999999,33.1,1,4,25/01/2020,0
1,4,26/01/2020,21.0,16.0,55.06709,52.5,1.0,,40.0,18914.464509999998,9611.34655,9307.11796,5.87,1,4,26/01/2020,0
1,5,27/01/2020,3.0,3.0,5.07,6.0,,,5.0,2418.53,1318.4225,1100.1075,3.2,1,5,27/01/2020,0
1,5,28/01/2020,5.0,2.0,2.93,4.0,,,2.0,1328.47,598.0409999999999,730.429,0.0,1,5,28/01/2020,0
1,5,29/01/2020,12.0,9.0,37.765,36.5,6.0,,13.0,12389.335,6395.5755,6035.7595,0.0,1,5,29/01/2020,0
1,5,30/01/2020,10.0,6.0,34.57101,36.0,,,19.0,9551.23539,4957.39555,4593.83984,0.0,1,5,30/01/2020,0
1,5,31/01/2020,1.0,1.0,19.625,12.0,,,8.0,4989.475,2078.23475,2911.24025,0.0,1,5,31/01/2020,0
2,5,01/02/2020,12.0,8.0,39.17998,55.5,,1.0,28.0,13402.93052,6824.022870000001,6578.90765,3.2,2,5,01/02/2020,0
2,5,02/02/2020,16.0,14.0,41.153259999999996,56.5,1.0,1.0,43.0,17145.22914,8660.0137,8489.21544,12.9,2,5,02/02/2020,0
2,6,03/02/2020,10.0,18.0,32.05557,49.0,,,39.0,15239.16853,8056.787270000001,7182.381259999999,0.0,2,6,03/02/2020,0
2,6,04/02/2020,2.0,3.0,5.02682,12.0,,,1.0,2579.40998,1432.0299,1147.3800800000001,0.0,2,6,04/02/2020,0
2,6,05/02/2020,1.0,2.0,27.755229999999997,17.0,,1.0,6.0,7128.99997,3486.0166,3642.9833700000004,0.0,2,6,05/02/2020,0
2,6,06/02/2020,3.0,1.0,15.816139999999999,18.5,,,6.0,4314.60486,1888.1795789999999,2426.425281,0.0,2,6,06/02/2020,0
2,6,07/02/2020,5.0,5.0,9.75,11.5,,,9.0,4683.25,2525.499,2157.751,0.0,2,6,07/02/2020,0
2,6,08/02/2020,6.0,12.0,26.3563,26.0,4.0,,12.0,11139.3557,6003.17395,5158.18175,0.0,2,6,08/02/2020,0
2,6,09/02/2020,21.0,12.0,68.533,78.0,,,41.0,21564.8952,10909.62686,10655.26835,3.2,2,6,09/02/2020,0
2,7,10/02/2020,6.0,,10.27557,12.0,,,4.0,2521.25993,1263.252502,1258.007428,0.0,2,7,10/02/2020,0
2,7,11/02/2020,0.0,2.0,7.51,3.0,,,2.0,2024.69,910.8698,1113.8202,0.0,2,7,11/02/2020,0
2,7,12/02/2020,5.0,8.0,27.048409999999997,19.0,2.0,,8.0,9327.369990000001,4855.54595,4481.8240399999995,0.0,2,7,12/02/2020,0
2,7,13/02/2020,7.0,5.0,13.5,18.0,4.0,,2.0,5024.5,2680.864,2365.636,0.0,2,7,13/02/2020,0
2,7,14/02/2020,11.0,14.0,33.58762,46.0,,1.0,12.0,12238.09118,6205.377275,6032.713905,0.0,2,7,14/02/2020,0
2,7,15/02/2020,23.0,20.0,37.34738,44.5,,,27.0,15355.68652,7845.966176999999,7509.720343000001,3.2,2,7,15/02/2020,0
2,7,16/02/2020,18.0,33.0,50.73722,64.0,6.0,1.0,29.0,25719.39558,13154.0759,12607.31968,6.4,2,7,16/02/2020,0
2,8,17/02/2020,6.0,1.0,10.41841,16.5,1.0,,6.0,3129.79999,1526.73495,1603.06504,3.2,2,8,17/02/2020,0
2,8,18/02/2020,2.0,6.0,7.275189999999999,9.0,,,3.0,4063.49951,2258.28734,1805.21217,0.0,2,8,18/02/2020,0
2,8,19/02/2020,4.0,2.0,21.90557,14.0,,,6.0,5821.02993,2940.127502,2880.9024280000003,0.0,2,8,19/02/2020,0
2,8,20/02/2020,3.0,9.0,18.08682,15.5,,,3.0,7673.74998,3836.2154,3837.5345799999996,0.0,2,8,20/02/2020,0
2,8,21/02/2020,7.0,11.0,14.48,17.5,2.0,,6.0,6995.42,3669.3335,3336.0865,0.0,2,8,21/02/2020,0
2,8,22/02/2020,11.0,6.0,21.02585,26.5,,,9.0,7526.75255,3914.989404,3637.7631460000002,10.323,2,8,22/02/2020,0
2,8,23/02/2020,18.0,7.0,53.429219999999994,50.0,,2.0,34.0,16352.706540000001,8077.979409999999,8274.727128,29.388241999999998,2,8,23/02/2020,0
2,9,24/02/2020,4.0,1.0,14.46539,5.5,,,2.0,2691.03531,1467.744965,1223.290345,3.2,2,9,24/02/2020,0
2,9,25/02/2020,3.0,1.0,7.67019,5.0,,1.0,6.0,2809.20451,1346.4973400000001,1462.70717,0.0,2,9,25/02/2020,0
2,9,26/02/2020,2.0,2.0,12.75,12.0,,,8.0,4131.75,2053.06725,2078.68275,0.0,2,9,26/02/2020,0
2,9,27/02/2020,5.0,4.0,17.43411,16.0,,,13.0,5541.68139,2775.32724,2766.35415,0.0,2,9,27/02/2020,0
2,9,28/02/2020,5.0,1.0,10.7,9.0,,,14.0,2662.3,1310.438,1351.862,0.0,2,9,28/02/2020,0
2,9,29/02/2020,16.0,10.0,34.04723,36.5,,2.0,20.0,13281.38107,6043.14649,7238.234579999999,3.2,2,9,29/02/2020,0
3,9,01/03/2020,26.0,26.0,64.175,44.0,,,51.0,25616.425,12485.96825,13130.45675,9.4,3,9,01/03/2020,0
3,10,02/03/2020,6.0,4.0,14.26141,9.0,,,4.0,4354.77699,2259.6712,2095.10579,3.2,3,10,02/03/2020,0
3,10,03/03/2020,3.0,1.0,12.44128,19.5,,,8.0,3216.99372,1771.3664260000003,1445.627295,0.0,3,10,03/03/2020,0
3,10,04/03/2020,3.0,4.0,38.11,19.5,,,9.0,10318.19,4926.3135,5391.8765,0.0,3,10,04/03/2020,0
3,10,05/03/2020,3.0,3.0,11.53892,12.0,,,9.0,4311.80188,2072.6974,2239.10448,0.0,3,10,05/03/2020,0
3,10,06/03/2020,4.0,2.0,23.545189999999998,20.0,,,11.0,5793.8295100000005,2986.82559,2807.00392,0.0,3,10,06/03/2020,0
3,10,07/03/2020,12.0,3.0,73.03076999999999,70.0,1.0,,29.0,17138.93113,9334.675677,7810.255453,0.0,3,10,07/03/2020,0
3,10,08/03/2020,19.0,3.0,95.7853,72.0,,,39.0,22587.9179,11949.76014,10690.15776,13.3,3,10,08/03/2020,0
3,11,09/03/2020,7.0,3.0,23.05326,24.0,,1.0,19.0,6588.39874,3638.0742,2950.32454,3.2,3,11,09/03/2020,0
3,11,10/03/2020,3.0,1.0,16.33664,11.5,,,4.0,3282.72836,1770.918237,1511.810123,0.0,3,11,10/03/2020,0
3,11,11/03/2020,6.0,8.0,23.02,20.0,2.0,,6.0,7704.78,3949.131,3781.6490000000003,0.0,3,11,11/03/2020,0
3,11,12/03/2020,5.0,1.0,22.035,17.5,,,7.0,5160.665,2695.0515,2465.6135,0.0,3,11,12/03/2020,0
3,11,13/03/2020,4.0,1.0,14.233989999999999,12.0,,,6.0,3302.4486100000004,1719.2570699999999,1583.19154,0.0,3,11,13/03/2020,0
3,11,14/03/2020,10.0,4.0,56.61478,61.0,,,34.0,15580.241219999998,7788.45335,7791.78787,0.0,3,11,14/03/2020,0
3,11,15/03/2020,17.0,4.0,81.63384,91.5,4.0,1.0,52.0,20376.78716,10980.88423,9417.902935,32.247,3,11,15/03/2020,1
3,12,16/03/2020,15.0,3.0,45.005,69.0,1.0,1.0,35.0,13121.595,6987.3535,6134.2415,3.2,3,12,16/03/2020,0
3,12,17/03/2020,6.0,4.0,19.09519,26.5,2.0,,17.0,5982.22951,3108.7580399999997,2899.47147,0.0,3,12,17/03/2020,2
3,12,18/03/2020,4.0,2.0,27.96691,14.5,6.0,,12.0,7236.569590000001,3540.323583,3744.246007,0.0,3,12,18/03/2020,1
3,12,19/03/2020,6.0,11.0,12.842789999999999,13.0,,,12.0,7397.91991,3906.4329399999997,3491.4869700000004,0.0,3,12,19/03/2020,0
3,12,20/03/2020,6.0,12.0,6.80209,16.0,,,9.0,5302.69951,1301.7246,4026.9749100000004,0.0,3,12,20/03/2020,0
3,12,21/03/2020,20.0,53.0,41.75683,33.5,,1.0,25.0,23214.38237,5351.40375,17870.978619999998,0.0,3,12,21/03/2020,0
3,12,22/03/2020,30.0,64.0,24.91291,27.0,4.0,1.0,25.0,22174.11549,3845.25945,18350.856040000002,45.9,3,12,22/03/2020,0
3,13,23/03/2020,9.0,11.0,15.002979999999999,20.5,,,9.0,6783.83442,2182.00928,4601.82514,3.7,3,13,23/03/2020,1
3,13,24/03/2020,5.0,10.0,9.34182,10.5,,,6.0,5200.9949799999995,1333.7334,3867.26158,0.0,3,13,24/03/2020,2
3,13,25/03/2020,7.0,5.0,23.6,19.0,2.0,1.0,5.0,7477.5,3433.397,4054.103,19.9,3,13,25/03/2020,3
3,13,26/03/2020,4.0,3.0,17.73,19.0,,,11.0,5792.67,2726.1965,3066.4735,0.0,3,13,26/03/2020,1
3,13,27/03/2020,6.0,4.0,21.77855,21.5,,,14.0,7453.51945,3416.52625,4036.9932,3.7,3,13,27/03/2020,3
3,13,28/03/2020,18.0,34.0,59.53746999999999,56.5,4.0,1.0,38.0,25602.80473,12931.488879999999,12693.315859999999,0.0,3,13,28/03/2020,0
3,13,29/03/2020,27.0,32.0,69.55,77.0,4.0,2.0,50.0,29131.1295,14925.691,14234.4385,38.0705,3,13,29/03/2020,0
3,14,30/03/2020,5.0,5.0,11.18,11.0,,1.0,7.0,4041.32,2197.491,1843.829,0.0,3,14,30/03/2020,0
3,14,31/03/2020,8.0,6.0,15.9272,18.0,,,11.0,5837.6448,2815.40175,3022.24305,0.0,3,14,31/03/2020,3
4,14,01/04/2020,8.0,11.0,23.0722,27.5,2.0,,11.0,9727.1998,4872.115,4865.0848,0.0,4,14,01/04/2020,0
4,14,02/04/2020,12.0,10.0,19.37259,20.0,,,11.0,7652.050109999999,3740.99604,3911.05407,0.0,4,14,02/04/2020,0
4,14,03/04/2020,8.0,10.0,13.695,10.5,,,11.0,5757.305,3688.8320000000003,2068.473,0.0,4,14,03/04/2020,1
4,14,04/04/2020,6.0,33.0,28.96868,36.0,6.0,,16.0,17201.68872,11450.686679999999,5783.002039999999,0.0,4,14,04/04/2020,3
4,14,05/04/2020,19.0,43.0,60.843999999999994,46.0,1.0,1.0,36.0,28357.446,17041.087,11316.358999999999,14.9,4,14,05/04/2020,1
4,15,06/04/2020,5.0,8.0,15.647820000000001,14.0,4.0,,8.0,5818.86878,3111.83552,2729.03326,0.0,4,15,06/04/2020,1
4,15,07/04/2020,5.0,2.0,7.145,27.75,,,17.0,3401.905,1597.4455,1804.4595,3.2,4,15,07/04/2020,3
4,15,08/04/2020,10.0,2.0,50.364090000000004,37.5,,1.0,28.0,13102.42461,5956.26834,7146.15627,0.0,4,15,08/04/2020,1
4,15,09/04/2020,6.0,8.0,21.94249,21.5,,,23.0,8931.12421,3883.6710399999997,5047.453170000001,3.2,4,15,09/04/2020,3
4,15,10/04/2020,0.0,0.0,0.0,0.0,0.0,0.0,0.0,0.0,0.0,0.0,0.0,4,15,10/04/2020,1
4,15,11/04/2020,10.0,24.0,44.97965,47.5,,2.0,66.0,20010.62935,11308.8276,8701.80175,0.0,4,15,11/04/2020,2
4,15,12/04/2020,29.0,53.0,43.10794,61.0,1.0,4.0,40.0,27780.862760000004,17588.791569999998,10206.0712,40.6615,4,15,12/04/2020,0
4,16,13/04/2020,4.0,7.0,2.0,9.0,,,3.0,2821.0,1996.757,824.243,0.0,4,16,13/04/2020,0
4,16,14/04/2020,4.0,3.0,13.88313,19.0,,,17.0,4987.67377,2471.43118,2516.24259,0.0,4,16,14/04/2020,0
4,16,15/04/2020,5.0,8.0,21.741139999999998,15.0,,,6.0,8003.02986,3774.864504,4228.165356,0.0,4,16,15/04/2020,3
4,16,16/04/2020,5.0,5.0,17.8583,31.5,,,13.0,6946.2997,3575.6865,3370.6132,0.0,4,16,16/04/2020,1
4,16,17/04/2020,14.0,12.0,10.355310000000001,17.0,4.0,2.0,6.0,6496.68499,4207.59716,2289.08783,1.9,4,16,17/04/2020,2
4,16,18/04/2020,11.0,34.0,36.01324,34.5,,1.0,17.0,18231.75446,11698.364590000001,6533.38987,0.0,4,16,18/04/2020,1
4,16,19/04/2020,22.0,54.0,33.90193,31.5,,3.0,29.0,25071.51087,16733.6167,8337.89417,75.589,4,16,19/04/2020,1
4,17,20/04/2020,9.0,7.0,13.755189999999999,16.5,,1.0,9.0,5356.31951,3122.45509,2233.86442,5.1,4,17,20/04/2020,0
4,17,21/04/2020,5.0,1.0,9.75,9.0,,,4.0,2500.75,1432.654,1068.096,0.0,4,17,21/04/2020,5
4,17,22/04/2020,6.0,5.0,36.385,31.5,,,12.0,11799.915,5289.0465,6510.8685,0.0,4,17,22/04/2020,8
4,17,23/04/2020,3.0,4.0,21.13019,13.0,,,8.0,5421.54451,2860.44434,2561.1001699999997,0.0,4,17,23/04/2020,2
4,17,24/04/2020,4.0,18.5,18.46629,13.0,,,6.0,8433.69441,5915.21184,2518.48257,29.9,4,17,24/04/2020,7
4,17,25/04/2020,13.0,25.0,27.11805,27.5,,,19.0,15166.27495,9813.82525,5378.4497,1.9,4,17,25/04/2020,4
4,17,26/04/2020,23.0,43.0,42.72183,35.0,,2.0,20.0,22283.15037,14885.6922,7397.45817,21.199,4,17,26/04/2020,6
4,18,27/04/2020,2.0,8.0,2.43,7.0,,,5.0,3091.97,2290.344,801.6260000000001,0.0,4,18,27/04/2020,9
4,18,28/04/2020,3.0,3.0,15.028820000000001,20.5,,,9.0,5551.34418,2702.142666,2849.201514,0.0,4,18,28/04/2020,21
4,18,29/04/2020,10.0,8.0,36.5,18.0,,,9.0,11638.8,5419.5105,6219.2895,0.0,4,18,29/04/2020,10
4,18,30/04/2020,11.0,24.5,13.785,27.5,4.0,1.0,13.0,11374.215,7362.0915,4034.1235,0.0,4,18,30/04/2020,14
5,18,01/05/2020,5.0,18.0,13.47759,15.0,4.0,,7.0,8355.30021,5871.628024000001,2505.672186,0.0,5,18,01/05/2020,19
5,18,02/05/2020,20.0,42.0,31.19745,21.5,,,17.0,20782.43955,13688.48125,7093.9583,0.0,5,18,02/05/2020,16
5,18,03/05/2020,27.0,48.0,31.517640000000004,25.5,4.0,,25.0,23490.02556,15308.158290000001,8203.86727,22.1,5,18,03/05/2020,6
5,19,04/05/2020,6.0,5.0,8.515,17.0,,,8.0,4224.185,2537.393,1686.7920000000001,0.0,5,19,04/05/2020,21
5,19,05/05/2020,3.0,16.0,12.337760000000001,15.0,,2.0,5.0,7713.77984,5216.97595,2496.8038899999997,0.0,5,19,05/05/2020,30
5,19,06/05/2020,15.0,7.0,29.58,25.5,,1.0,8.0,9652.82,5029.19,4623.63,0.0,5,19,06/05/2020,11
5,19,07/05/2020,4.0,9.0,13.00537,6.5,,,8.0,6284.80013,3236.647925,3048.152205,0.0,5,19,07/05/2020,13
5,19,08/05/2020,7.0,19.0,26.64224,21.0,,,8.0,13134.51476,6658.354004,6486.960756,5.4,5,19,08/05/2020,22
5,19,09/05/2020,9.0,14.0,53.7183,52.5,,,31.0,18251.2397,9231.7875,9019.4522,0.0,5,19,09/05/2020,24
5,19,10/05/2020,20.0,99.0,105.015,112.0,4.0,,53.0,65186.365,33142.7805,32065.5845,52.62,5,19,10/05/2020,12
5,20,11/05/2020,3.0,3.0,9.115,14.5,,,8.0,3768.085,1728.3035,2039.7815,0.0,5,20,11/05/2020,37
5,20,12/05/2020,2.0,19.0,10.94633,3.5,,,1.0,8787.49937,4528.396344,4259.103026,0.0,5,20,12/05/2020,28
5,20,13/05/2020,7.0,5.0,21.4583,18.0,2.0,1.0,6.0,7497.4997,3771.967,3735.5327,3.2,5,20,13/05/2020,42
5,20,14/05/2020,6.0,5.0,17.747429999999998,15.5,,,9.2,5350.6342700000005,2510.880819,2839.753451,0.0,5,20,14/05/2020,21
5,20,15/05/2020,6.0,16.0,13.7622,15.5,,1.0,7.0,9527.4098,4960.178,4567.2318,0.0,5,20,15/05/2020,28
5,20,16/05/2020,9.0,18.0,41.81135,45.0,4.0,,34.0,17050.93965,8588.18025,8484.7594,23.8,5,20,16/05/2020,20
5,20,17/05/2020,21.0,24.0,64.19012,64.5,3.0,1.0,47.0,26557.499480000002,12906.71682,13660.782659999999,39.525999999999996,5,20,17/05/2020,31
5,21,18/05/2020,5.0,1.0,15.2722,22.5,,,9.0,4140.2998,1961.3105,2178.9893,3.2,5,21,18/05/2020,65
5,21,19/05/2020,2.0,4.0,9.435,13.0,,,8.0,3815.765,1883.5385,1932.2265,7.5,5,21,19/05/2020,53
5,21,20/05/2020,15.0,12.0,51.86779,51.0,,1.0,23.0,17971.59491,8911.58194,9060.01297,59.7,5,21,20/05/2020,62
5,21,21/05/2020,8.0,5.0,15.5441,22.5,,,7.0,5603.6732,2615.598775,2988.074425,10.0987,5,21,21/05/2020,89
5,21,22/05/2020,8.0,11.0,16.35764,12.0,,,11.0,7631.685504000001,3863.48004,3768.205464,7.000056,5,21,22/05/2020,66
5,21,23/05/2020,23.0,32.0,58.16758000000001,60.5,,1.0,28.0,26371.18712,13089.12012,13282.067,22.9,5,21,23/05/2020,63
5,21,24/05/2020,22.0,27.0,66.75511,53.5,,1.0,51.0,28120.62779,13356.56409,14764.0637,52.2073,5,21,24/05/2020,58
5,22,25/05/2020,7.0,4.0,16.68805,20.5,,,13.0,5375.31945,2835.741087,2539.578363,2.6,5,22,25/05/2020,68
5,22,26/05/2020,9.0,4.0,13.12473,13.5,,,14.0,5114.01047,2623.0418,2490.9686699999997,1.3,5,22,26/05/2020,106
5,22,27/05/2020,7.0,2.0,36.392920000000004,24.0,,1.0,12.0,10414.79948,4596.127368,5818.672111999999,0.0,5,22,27/05/2020,88
5,22,28/05/2020,5.0,10.0,15.96543,14.5,,,8.0,7530.17407,3782.46964,3747.70443,0.0,5,22,28/05/2020,118
5,22,29/05/2020,13.0,14.0,27.725,48.5,,1.0,18.0,12825.275,6711.379,6113.896,0.0,5,22,29/05/2020,105
5,22,30/05/2020,25.0,25.0,81.22977,63.5,,,32.0,29661.94753,13990.743369999998,15671.20416,1.3,5,22,30/05/2020,50
5,22,31/05/2020,35.0,35.0,92.50044,79.5,17.0,3.0,52.0,37149.36856,18442.60934,18817.55922,67.25,5,22,31/05/2020,62
6,23,01/06/2020,6.0,2.0,18.977999999999998,16.0,,,7.0,4814.932,2165.2065,2649.7255,0.0,6,23,01/06/2020,83
6,23,02/06/2020,6.0,5.0,26.18751,23.0,,,11.0,7860.864490000001,3713.20895,4147.65554,0.0,6,23,02/06/2020,82
6,23,03/06/2020,10.0,7.0,31.33052,24.5,4.0,,17.0,11215.77348,5258.9434,5978.83008,0.0,6,23,03/06/2020,81
6,23,04/06/2020,11.0,7.0,25.30349,20.5,,,18.0,9628.83881,4646.066775,4988.1720350000005,33.85,6,23,04/06/2020,78
6,23,05/06/2020,5.0,7.0,38.263729999999995,27.0,,,14.0,11061.84337,5391.14685,5670.69652,0.0,6,23,05/06/2020,64
6,23,06/06/2020,10.0,23.0,74.27464,51.0,,1.0,28.0,27396.46426,12949.9263,14446.53796,1.3,6,23,06/06/2020,75
6,23,07/06/2020,28.0,35.0,90.71076,68.0,,2.0,46.0,35904.09944,17307.53838,18596.56106,23.35,6,23,07/06/2020,47
6,24,08/06/2020,4.0,4.0,10.185,12.0,,,4.0,3623.515,1746.3255,1877.1895,2.6,6,24,08/06/2020,103
6,24,09/06/2020,2.0,1.0,14.89349,18.5,,1.0,9.0,4374.84881,2198.45555,2176.3932600000003,0.0,6,24,09/06/2020,95
6,24,10/06/2020,13.0,10.0,46.201,22.0,4.0,,15.0,15828.6433,7746.30135,8118.14195,6.9,6,24,10/06/2020,90
6,24,11/06/2020,8.0,6.0,23.43437,21.5,6.0,,11.0,8159.39553,4286.9402,3914.45533,41.1,6,24,11/06/2020,93
6,24,12/06/2020,5.0,4.0,30.4986,29.0,2.0,,6.0,8355.0984,4146.508704,4208.589696,12.9,6,24,12/06/2020,95
6,24,13/06/2020,13.0,26.0,54.541940000000004,48.5,,1.0,26.0,22407.34336,11154.696259999999,11252.6471,0.0,6,24,13/06/2020,90
6,24,14/06/2020,22.0,34.0,69.70178,53.5,6.0,2.0,29.0,29821.52102,14839.23244,15014.28858,40.073,6,24,14/06/2020,67
6,25,15/06/2020,3.0,6.0,16.71921,17.5,,,8.0,6049.92759,3170.11585,2879.8117399999996,1.9,6,25,15/06/2020,127
6,25,16/06/2020,8.0,6.0,20.902739999999998,10.0,,,8.0,7133.485159999999,3357.1374100000003,3776.34775,1.9,6,25,16/06/2020,109
6,25,17/06/2020,5.0,8.0,26.3,20.5,,,9.0,9705.2,4557.266,5147.934,0.0,6,25,17/06/2020,111
6,25,18/06/2020,5.0,2.0,29.261259999999996,31.5,4.0,,10.0,8210.69074,3913.46345,4319.22729,1.9,6,25,18/06/2020,106
6,25,19/06/2020,5.0,8.0,17.08726,12.0,,,14.0,7041.709040000001,3533.1357,3508.57334,0.0,6,25,19/06/2020,146
6,25,20/06/2020,15.0,12.0,76.71549,65.5,,,41.0,25001.626809999998,12242.48455,12759.142259999999,0.0,6,25,20/06/2020,88
6,25,21/06/2020,31.0,70.0,150.47143,110.5,6.0,2.0,64.0,65869.64217,34543.85635,31357.785819999997,9.0225,6,25,21/06/2020,77
6,26,22/06/2020,7.0,1.0,24.27275,30.5,,,12.0,7000.44655,2996.723704,4003.722846,0.0,6,26,22/06/2020,158
6,26,23/06/2020,5.0,1.0,11.495,10.0,,,6.0,3586.505,1673.598,1912.9070000000002,0.0,6,26,23/06/2020,137
6,26,24/06/2020,5.0,9.0,26.99175,27.5,,,12.0,10841.88075,5135.47125,5706.4095,0.0,6,26,24/06/2020,114
6,26,25/06/2020,7.0,8.0,23.3879,6.0,,,7.0,8466.8832,3929.3257740000004,4537.557425999999,0.0,6,26,25/06/2020,172
6,26,26/06/2020,4.0,6.0,31.40483,22.0,,,7.0,9353.28677,4743.93294,4609.35383,0.0,6,26,26/06/2020,127
6,26,27/06/2020,11.0,20.0,65.17529,41.0,2.0,,26.0,21242.23221,10349.29255,10902.93966,0.0,6,26,27/06/2020,94
6,26,28/06/2020,19.0,21.0,83.06925,63.0,,,44.0,28589.15205,14052.99396,14547.95809,43.65,6,26,28/06/2020,111
6,27,29/06/2020,7.0,4.0,32.13169,22.0,1.0,1.0,8.0,8875.58261,4197.62481,4679.9578,0.0,6,27,29/06/2020,186
6,27,30/06/2020,11.0,8.0,22.685,17.0,,,6.0,8483.415,3998.3555,4485.0595,0.0,6,27,30/06/2020,219
7,27,01/07/2020,5.0,3.0,44.36842,20.0,6.0,,8.0,11075.24458,5150.0715119999995,5967.173068,1.3,7,27,01/07/2020,228
7,27,02/07/2020,6.0,11.0,29.340740000000004,21.0,,,17.0,12133.76896,5773.29391,6360.47505,0.0,7,27,02/07/2020,246
7,27,03/07/2020,9.0,5.0,28.65005,31.0,,,9.0,9239.25995,4465.51725,4773.7427,3.8,7,27,03/07/2020,166
7,27,04/07/2020,15.0,25.0,73.35938,68.0,,1.0,18.0,27559.095419999998,13004.17843,14554.91699,0.0,7,27,04/07/2020,123
7,27,05/07/2020,22.0,34.0,107.85996000000002,80.0,8.0,1.0,60.0,39419.36894,18435.200090000002,21041.56885,93.6,7,27,05/07/2020,180
7,28,06/07/2020,5.0,4.0,16.505570000000002,21.0,1.0,,3.0,5094.929929999999,2383.631502,2711.298428,1.9,7,28,06/07/2020,292
7,28,07/07/2020,4.0,7.0,8.78251,13.5,4.0,1.0,3.0,5380.41949,2798.31245,2609.50704,2.7,7,28,07/07/2020,238
7,28,08/07/2020,13.0,4.0,33.25849,21.0,,,11.0,10685.33381,4914.366075,5770.967735,2.4,7,28,08/07/2020,250
7,28,09/07/2020,4.0,11.0,18.33491,8.0,1.0,,6.0,7704.670590000001,3729.00609,3980.6645,0.0,7,28,09/07/2020,231
7,28,10/07/2020,11.0,14.0,41.88706,32.5,2.0,,23.0,15988.17494,7503.4412,8494.733740000001,0.0,7,28,10/07/2020,211
7,28,11/07/2020,18.0,43.0,76.33716,37.5,2.0,1.0,29.0,34049.29234,16669.68518,17389.60716,3.2,7,28,11/07/2020,147
7,28,12/07/2020,32.0,45.0,87.35798,70.0,6.0,,37.0,37653.8714,18479.96385,19205.90755,110.700023,7,28,12/07/2020,123
7,29,13/07/2020,4.0,7.0,18.56,10.5,,,2.0,7205.94,3397.013275,3808.926725,0.0,7,29,13/07/2020,325
7,29,14/07/2020,9.0,7.0,22.31942,21.5,2.0,,10.0,8623.399379999999,4009.8098200000004,4613.58956,0.0,7,29,14/07/2020,246
7,29,15/07/2020,11.0,6.0,42.565,29.0,,,15.0,13096.135,6078.89325,7017.24175,1.3,7,29,15/07/2020,221
7,29,16/07/2020,7.0,6.0,23.105,21.5,2.0,,12.0,8609.395,4338.12,4288.275,3.5,7,29,16/07/2020,217
7,29,17/07/2020,4.0,4.0,21.83,12.0,,,4.0,6476.27,2970.667,3505.603,26.9,7,29,17/07/2020,222
7,29,18/07/2020,21.0,30.0,63.96,29.5,,,15.0,25700.34,12441.821000000002,13258.518999999998,3.2,7,29,18/07/2020,139
7,29,19/07/2020,21.0,35.0,93.06689,70.5,,1.0,54.0,35925.088910000006,17217.59022,18708.49869,33.3,7,29,19/07/2020,133
7,30,20/07/2020,9.0,2.0,23.562910000000002,23.0,,,17.0,6661.49819,3397.78517,3263.71302,1.9,7,30,20/07/2020,194
7,30,21/07/2020,4.0,10.0,17.82111,14.5,,,7.0,8242.97859,3904.08795,4338.89064,0.0,7,30,21/07/2020,99
7,30,22/07/2020,5.0,4.0,28.41165,21.5,,,4.0,8548.16025,3889.597158,4658.563092,3.7,7,30,22/07/2020,111
7,30,23/07/2020,7.0,8.0,21.83977,15.0,,,19.0,8676.45853,4309.00865,4378.249879999999,65.4,7,30,23/07/2020,167
7,30,24/07/2020,8.0,15.0,34.70165,18.5,,1.0,10.0,13347.62995,6510.86149,6836.768459999999,0.0,7,30,24/07/2020,178
7,30,25/07/2020,14.0,13.0,72.91183000000001,51.0,,1.0,22.0,23363.13917,10407.19389,12955.94528,0.0,7,30,25/07/2020,135
7,30,26/07/2020,23.0,19.0,108.52533999999999,91.0,,3.0,70.0,35543.05746,16717.76018,18856.69728,78.768,7,30,26/07/2020,104
7,31,27/07/2020,6.0,3.0,20.1,20.5,,,12.0,6178.5,2874.57985,3303.92015,1.9,7,31,27/07/2020,184
7,31,28/07/2020,6.0,9.0,32.19942,28.5,6.0,,9.0,11178.66938,5232.799620000001,5987.8697600000005,0.0,7,31,28/07/2020,206
7,31,29/07/2020,6.0,4.0,31.851259999999996,13.0,2.0,,3.0,8957.20074,4015.9237,4951.27704,3.2,7,31,29/07/2020,215
7,31,30/07/2020,8.0,8.0,18.215020000000003,10.5,,1.0,11.0,7257.65578,3607.3729,3650.2828799999997,0.0,7,31,30/07/2020,224
7,31,31/07/2020,8.0,12.0,36.06475,30.5,,,8.0,12571.12955,6355.54625,6215.5833,0.0,7,31,31/07/2020,175
8,31,01/08/2020,10.0,18.0,63.37242,59.0,,1.0,27.5,23014.53888,11011.229290000001,12003.30959,13.9,8,31,01/08/2020,116
8,31,02/08/2020,12.0,26.0,76.60858,64.0,,,43.0,28314.348619999997,13724.68805,14589.660569999998,18.1195,8,31,02/08/2020,77
8,32,03/08/2020,5.0,6.0,10.0,12.5,,,6.0,4753.5,2306.501,2446.999,0.0,8,32,03/08/2020,159
8,32,04/08/2020,7.0,7.0,14.825,7.5,,,11.0,6398.375,3038.1209999999996,3360.2540000000004,2.5,8,32,04/08/2020,188
8,32,05/08/2020,16.0,12.0,34.81593,25.0,,2.0,14.0,13898.599069999998,7071.7129620000005,6858.286108,22.1,8,32,05/08/2020,175
8,32,06/08/2020,8.0,12.0,28.082290000000004,19.0,2.0,,7.0,10510.165809999999,5084.28719,5425.87862,0.0,8,32,06/08/2020,152
8,32,07/08/2020,7.0,8.0,20.965239999999998,14.5,,2.0,10.0,8003.0495599999995,3874.2798,4128.76976,2.6,8,32,07/08/2020,178
8,32,08/08/2020,8.0,15.0,65.51091,33.0,,2.0,24.0,21383.006390000002,10194.41512,11188.59127,0.0,8,32,08/08/2020,117
8,32,09/08/2020,21.0,31.0,77.93254,64.5,,1.0,31.0,29411.861460000004,14051.68568,15360.175790000001,30.364,8,32,09/08/2020,80
8,33,10/08/2020,7.0,5.0,14.3999,10.5,2.0,,8.0,5106.4995,2566.640908,2547.858592,0.0,8,33,10/08/2020,128
8,33,11/08/2020,4.0,5.0,12.74,5.5,6.0,,2.0,5244.76,2623.4509999999996,2651.309,0.0,8,33,11/08/2020,140
8,33,12/08/2020,10.0,9.0,26.12762,30.0,,,4.0,10532.529779999999,4793.0479,5739.481879999999,3.8,8,33,12/08/2020,129
8,33,13/08/2020,4.0,7.0,16.95618,8.5,,,2.0,6494.39962,3174.8415600000003,3319.5580600000003,0.0,8,33,13/08/2020,151
8,33,14/08/2020,7.0,10.0,37.043490000000006,35.5,4.0,,12.0,13309.078809999999,6353.63405,6975.444759999999,19.12,8,33,14/08/2020,160
8,33,15/08/2020,28.0,31.0,79.70815999999999,59.0,8.0,,34.0,32006.38284,15546.42277,16511.960069999997,0.0,8,33,15/08/2020,80
8,33,16/08/2020,21.0,38.0,80.50220999999999,69.0,2.0,1.0,38.0,33549.636589999995,16325.533269999998,17261.10332,26.2625,8,33,16/08/2020,55
8,34,17/08/2020,3.0,3.0,12.74349,9.0,1.0,2.0,8.0,3760.99881,1696.99505,2064.00376,0.0,8,34,17/08/2020,124
8,34,18/08/2020,4.0,6.0,13.455,10.5,,,2.0,5625.145,2689.802,2935.343,0.0,8,34,18/08/2020,111
8,34,19/08/2020,7.0,7.0,35.17821,25.0,4.0,1.0,9.0,10848.598590000001,4944.78217,5925.81642,3.7,8,34,19/08/2020,82
8,34,20/08/2020,7.0,5.0,16.82945,9.5,2.0,,6.0,5588.81785,2662.49746,2936.32039,0.0,8,34,20/08/2020,68
8,34,21/08/2020,8.0,5.0,25.83813,22.5,,,18.0,8292.24307,4130.81885,4161.42422,0.0,8,34,21/08/2020,105
8,34,22/08/2020,14.0,11.0,51.65712,40.5,,1.0,24.0,17999.01068,8249.3874,9749.62328,3.7,8,34,22/08/2020,66
8,34,23/08/2020,19.0,30.0,79.95016,47.5,2.0,2.0,40.0,30638.323439999996,14879.180119999999,15800.543319999999,35.7005,8,34,23/08/2020,40
8,35,24/08/2020,6.0,3.0,15.88125,22.5,,,9.0,5327.11875,2661.875,2665.24375,1.9,8,35,24/08/2020,85
8,35,25/08/2020,7.5,8.0,13.23751,2.5,,1.0,7.0,5829.56449,2856.83545,2972.7290399999997,0.0,8,35,25/08/2020,88
8,35,26/08/2020,9.0,1.0,35.121,24.5,2.0,,5.0,8805.7303,3959.4915,4856.2388,12.093,8,35,26/08/2020,140
8,35,27/08/2020,9.0,8.0,22.07316,16.5,,,14.0,8997.114916,3893.1342,5103.980716,14.999823999999998,8,35,27/08/2020,97
8,35,28/08/2020,9.0,10.0,44.01619,36.0,1.0,,27.0,15303.10231,6970.6273980000005,8332.474912,2.5,8,35,28/08/2020,112
8,35,29/08/2020,9.0,9.0,63.62546,45.0,,1.0,34.0,17286.35394,8403.256716,8913.097224,8.4455,8,35,29/08/2020,56
8,35,30/08/2020,23.0,21.0,85.46238000000001,57.5,,,36.0,28326.59192,13189.93049,15136.661430000002,52.221000000000004,8,35,30/08/2020,32
8,36,31/08/2020,3.0,6.0,13.465,14.5,,,3.0,5081.885,2542.100375,2539.784625,3.7,8,36,31/08/2020,125
9,36,01/09/2020,4.0,1.0,13.77319,9.0,,,3.0,3580.60971,1756.514902,1824.0948079999998,5.97,9,36,01/09/2020,97
9,36,02/09/2020,9.0,10.0,30.753770000000003,20.5,6.0,1.0,2.0,10659.10023,5543.3874,5147.7128299999995,0.0,9,36,02/09/2020,52
9,36,03/09/2020,4.0,3.0,15.11646,11.0,,,8.0,4791.77854,2334.21364,2457.5649,0.0,9,36,03/09/2020,48
9,36,04/09/2020,6.0,13.0,26.90578,18.5,2.0,,11.0,10908.78022,5472.3831,5446.3971200000005,5.97,9,36,04/09/2020,67
9,36,05/09/2020,12.0,18.0,48.73473,36.5,3.0,1.0,23.0,17283.69027,8560.8531,8737.83717,0.0,9,36,05/09/2020,67
9,36,06/09/2020,30.0,37.0,80.14374000000001,61.5,2.0,1.0,35.0,33385.678660000005,15579.9872,17815.69146,0.0,9,36,06/09/2020,24
9,37,07/09/2020,5.0,3.0,14.275,13.0,,,12.0,4875.225,2398.6895,2476.5355,0.0,9,37,07/09/2020,89
9,37,08/09/2020,3.0,2.0,19.33502,14.5,2.0,,6.0,4988.38228,2473.114,2525.36828,0.0,9,37,08/09/2020,101
9,37,09/09/2020,11.0,5.0,39.00612,30.5,,,11.0,12100.09628,5452.2724,6647.91388,0.0,9,37,09/09/2020,89
9,37,10/09/2020,5.0,,19.481379999999998,27.0,,,6.0,5338.964220000001,2567.4165399999997,2779.54768,0.0,9,37,10/09/2020,74
9,37,11/09/2020,5.0,10.0,19.97464,13.5,2.0,,11.0,8078.264259999999,3991.49005,4096.7742100000005,0.0,9,37,11/09/2020,72
9,37,12/09/2020,11.0,12.0,61.76325,37.0,,,22.0,18945.47535,8194.1005,10751.37485,0.0,9,37,12/09/2020,47
9,37,13/09/2020,22.0,29.0,78.45698,78.5,2.0,2.0,38.0,31952.78762,15027.9166,16934.87102,43.04,9,37,13/09/2020,47
9,38,14/09/2020,3.0,7.0,16.625,8.5,,,5.0,5971.875,2922.114,3049.761,0.0,9,38,14/09/2020,104
9,38,15/09/2020,4.0,3.0,24.07459,21.0,,,12.0,7154.61471,3470.70205,3683.91266,0.0,9,38,15/09/2020,65
9,38,16/09/2020,1.0,21.0,40.68531,28.0,2.0,,20.0,17131.68559,7924.484334999999,9217.201255,0.0,9,38,16/09/2020,69
9,38,17/09/2020,0.0,,1.8,10.0,,,4.0,953.2,499.0,464.2,0.0,9,38,17/09/2020,87
9,38,18/09/2020,0.0,4.0,12.002510000000001,12.5,,,15.0,4618.49949,2265.0512,2353.44829,0.0,9,38,18/09/2020,77
9,38,19/09/2020,2.0,5.0,7.12143,36.5,,3.0,30.0,4544.49937,2932.86132,1621.63805,0.0,9,38,19/09/2020,56
9,38,20/09/2020,4.0,2.0,15.12,44.5,,2.0,26.0,5894.995,3289.0395,2605.9555,17.485,9,38,20/09/2020,20
9,39,21/09/2020,0.0,2.0,7.510680000000001,12.5,,,2.0,2478.99862,1430.160962,1148.837658,0.0,9,39,21/09/2020,54
